"Beta","mu_I","rho","mu_R1","mu_R2","loglik","loglik.se.se"
0.005,2,0.9,0.332467532467532,0.554112554112554,-75.469952219484,0.381299058606741
